model_type,usage_percentage,usage_count
1,63.306451612903224,628
2,20.161290322580644,200
3,16.532258064516128,164
