model_type,usage_percentage,usage_count
1,60.88264794383149,607
2,20.060180541624874,200
3,19.05717151454363,190
