model_type,usage_percentage,usage_count
2,19.605809128630707,189
1,62.448132780082986,602
3,17.946058091286307,173
