model_type,usage_percentage,usage_count
1,60.6425702811245,604
2,20.080321285140563,200
3,19.27710843373494,192
