model_type,usage_percentage,usage_count
1,61.418143899895725,589
2,19.91657977059437,191
3,18.665276329509904,179
