model_type,Server1_usage,Server2_usage,Server3_usage
1,48.24473420260782,47.89579158316633,51.300000000000004
2,27.9839518555667,25.651302605210418,24.8
3,23.771313941825476,26.452905811623246,23.9
